Year,Forecast
2026,2375867.095226695
2027,2391779.4441059437
2028,2379683.553022831
2029,2377799.130191706
2030,2385001.7343012146
