model,rmse,mae,r2,mape
LinearRegression,2.5830952352240213e-12,1.9242629838269734e-12,1.0,2.168391334245358e-14
Lasso,0.9335761115583091,0.750476462880391,0.9999999371244281,0.01254581567358107
RandomForest,13.658870604643377,7.5027830487033365,0.9999865410224542,0.16035496626476783
ExtraTrees,13.880884890180475,7.611978178368127,0.9999860999362373,0.13035843648219966
Ridge,18.426814050363678,15.116024378498821,0.9999755046869837,0.19166589407893436
XGBoost,41.95045091570828,30.221437454223633,0.9998730421066284,0.45952393460876223
GradientBoosting,44.59581387576377,32.94819921125507,0.9998565268361581,0.44046693770228323
ElasticNet,494.39928440067666,376.21833377398696,0.9823665149527446,7.136846733103437
