Year,Actual,Forecast
2023,2382375,2316386.773939492
2024,2406899,2309480.7259779796
2025,2368462,2419747.433567957
